before,after
107.64052345967664,99.94079073157606
94.00157208367223,82.94841736234198
99.78737984105739,88.13067701650901
112.40893199201457,76.45904260698275
108.67557990149967,59.470101841659215
80.22722120123589,91.5361859544036
99.50088417525589,93.64436198859505
88.48642791702302,77.57834979593558
