before,after
88.96781148206442,107.69754623987608
94.10598501938372,70.45634325401235
91.44043571160879,85.45758517301446
104.54273506962976,83.12816149974167
97.61037725146994,100.32779214358457
91.21675016492829,99.69358769900285
94.43863232745426,86.54947425696916
93.33674327374267,88.78162519602174
