{
    "statistic": -2.260298760839467,
    "pvalue": 0.03910614121030344
}